{
    "loss": 0.6905245184898376,
    "accuracy": 0.5600000023841858
}